<?xml version="1.0" encoding="UTF-8" standalone="yes"?>
<addon id="plugin.video.dibongotvwizard" name="dibongotvwizard" version="1.0.0" provider-name="dibongotvwizard">
  <requires>
    <import addon="xbmc.python" version="2.1.0"/>
  </requires>
  <extension point="xbmc.python.pluginsource" library="default.py">
        <provides>video executable</provides>
  </extension>
  <extension point="xbmc.addon.metadata">
    <summary lang="en">dibongotvwizard</summary>
    <description lang="en">dibongotvwizard</description>
	<website></website>
    <platform>all</platform>
  </extension>
</addon>
